"startup_id","industry","country","year_founded","years_since_founding","funding_rounds","total_funding_m","annual_revenue_m","team_size","valuation_m","log_valuation_m","log_total_funding_m","log_annual_revenue_m"
"ST0001","EdTech","USA",2004,20,6,1792.28,129.89,737,1279.41,7.15493561812457,7.49180162426853,4.87435727580363
"ST0002","E-Commerce","Germany",2015,9,4,135.01,27.88,503,341.51,5.83630085435635,4.91272841244466,3.36314931402463
"ST0004","SaaS","Germany",2001,23,6,357.7,5.56,520,1352.67,7.21057470146283,5.88248638453824,1.880990602956
"ST0006","HealthTech","USA",2002,22,5,106.94,26.53,360,854.69,6.75190816101705,4.6815755171905,3.31527631915452
"ST0007","AI/ML","USA",2013,11,8,759.04,20.47,401,3842.34,8.25409705919887,6.63337106347433,3.06665661189069
"ST0008","EdTech","Brazil",2014,10,3,22.74,5,359,77.47,4.36271638613938,3.16716138918152,1.79175946922805
"ST0009","AI/ML","USA",2007,17,8,619.79,12.69,442,972.15,6.88053823268858,6.43099286049185,2.61666563930036
"ST0010","E-Commerce","USA",2002,22,2,238.6,70.77,711,405.88,6.00851830167381,5.47897086624129,4.27346656144198
"ST0011","SaaS","USA",2015,9,7,408.45,25.94,388,1175.78,7.07053717390147,6.0148147957162,3.29361217098222
"ST0012","HealthTech","USA",2015,9,8,882.73,106.94,537,2145.35,7.67152400402085,6.78415158612019,4.6815755171905
"ST0013","FinTech","Singapore",2006,18,3,97.06,6.75,157,649.07,6.47708004939897,4.58557953622309,2.04769284336526
"ST0014","HealthTech","USA",2007,17,5,96.06,8.4,259,351.86,5.86607137769992,4.57532934397707,2.24070968927596
"ST0015","SaaS","USA",2005,19,4,225.02,112.31,629,1204.88,7.09496486984887,5.420623490932,4.73012742539248
"ST0016","HealthTech","USA",2020,4,6,118.15,336.78,798,641.26,6.46499320612958,4.78038320354475,5.82239479598978
"ST0018","CleanTech","USA",2014,10,1,6,17.06,133,69.57,4.25660512501274,1.94591014905531,2.89369954798884
"ST0019","BioTech","USA",2007,17,2,25.4,30.53,547,368.53,5.91223192789084,3.27336401015227,3.45093947355697
"ST0021","EdTech","Israel",2017,7,3,274.84,102.46,798,445.75,6.10199915403954,5.61982098747533,4.63918506457537
"ST0022","HealthTech","India",2013,11,5,38.44,16.455,341,606.37,6.40913816054565,3.67478052973443,2.859626140557
"ST0024","AI/ML","India",2009,15,6,1742.89,109.67,696,5047.86,8.52691775421146,7.46387352908522,4.70655280027669
"ST0025","BioTech","India",2019,5,8,598.8,1300.13,798,1870.95,7.53473594727913,6.39659626631491,7.17098839665657
"ST0026","BioTech","USA",2005,19,4,157.17,116.59,550,944.46,6.85167158154522,5.0636704039754,4.76720399783532
"ST0027","E-Commerce","Canada",2021,3,5,75.5,35.96,473,366.13,5.9057160087655,4.33729074083249,3.60983624677348
"ST0028","E-Commerce","India",2007,17,2,58.28,22.11,46,261.92,5.57184980339538,4.08227198098783,3.14026542428629
"ST0029","FinTech","India",2002,22,2,132.65,79.74,497,398.44,5.99006356619235,4.89522444258493,4.39123411542479
"ST0030","E-Commerce","USA",2011,13,4,49.51,3.15,92,225.46,5.42256832888589,3.92217133647996,1.42310833424261
"ST0031","AI/ML","USA",2004,20,5,350.65,6.35,5,2489.55,7.82025884860171,5.86263636275403,1.99470031322475
"ST0032","SaaS","USA",2009,15,5,319.01,9.52,224,717.03,6.57651135090516,5.7683522453055,2.35327820730956
"ST0034","FinTech","India",2020,4,5,112.23,31.68,147,409.69,6.01783867199308,4.72942114832595,3.4867632699918
"ST0035","FinTech","USA",2010,14,6,191.82,42.75,444,647.51,6.47467742383807,5.26175711123623,3.77849161280362
"ST0036","CleanTech","India",2003,21,3,36.46,15.39,271,232.82,5.45455158857867,3.62327369701594,2.79667139275574
"ST0037","CleanTech","USA",2012,12,4,224.77,4.56,401,552.03,6.3154122495988,5.41951678194988,1.71559810826249
"ST0039","AI/ML","Brazil",2019,5,2,12.5,61.35,399.5,429.49,6.06492409479428,2.60268968544438,4.13276367212605
"ST0040","SaaS","India",2011,13,4,105.93,38.65,5,537.17,6.28817449537911,4.67217441476857,3.68009094808086
"ST0041","FinTech","Canada",2017,7,3,106.63,6.94,384,413.86,6.027941113918,4.67869941927621,2.07191327525904
"ST0042","AI/ML","Israel",2001,23,4,88.67,10.03,232,979.82,6.88838895649117,4.49613626496396,2.40061883326541
"ST0043","HealthTech","USA",2017,7,3,143.73,36.47,536,594.33,6.38911587364852,4.97486993764951,3.6235406128056
"ST0044","BioTech","Canada",2007,17,2,19.45,21.33,581,131.76,4.88854298685177,3.01798288248881,3.10593106585207
"ST0045","E-Commerce","Brazil",2005,19,2,77.01,10.16,221,180.09,5.19899414525325,4.35683702360022,2.41233595695316
"ST0046","FinTech","India",2010,14,5,370.4,51.89,384,1300.41,7.17120357106394,5.91727964891861,3.96821428507789
"ST0047","E-Commerce","USA",2008,16,3,69.14,11.5,766,191.84,5.26186082953742,4.25049324471203,2.52572864430826
"ST0048","HealthTech","Canada",2007,17,8,344.85,18.42,210,428.65,6.06297092375923,5.84600515504659,2.96630346286318
"ST0049","EdTech","Israel",2015,9,3,63.56,14.77,423,142.98,4.96967440104116,4.16759502396169,2.75810940097495
"ST0050","FinTech","USA",2020,4,2,378.46,112.02,497,878.06,6.77885315474128,5.93874918943599,4.7275647942017
"ST0051","BioTech","India",2011,13,6,261.04,14.1,396,897.74,6.80099378240868,5.56849716386368,2.71469474382088
"ST0052","HealthTech","USA",2002,22,3,114.69,47.48,146,443.77,6.09755729461862,4.7509142000408,3.88115134176106
"ST0053","SaaS","India",2001,23,7,609.02,22.97,353,1123.68,7.02525382973208,6.41349174351512,3.17680304844629
"ST0056","EdTech","USA",2001,23,4,257.84,22.67,395,561.67,6.33269331064086,5.55621011018907,3.16420842352589
"ST0057","EdTech","Brazil",2017,7,6,343.13,199.43,798,852.81,6.74970868660008,5.84101949296129,5.3004650586055
"ST0060","FinTech","USA",2003,21,6,547.89,12.88,293,1396.05,7.24211814959715,6.3078980571352,2.63044895507866
"ST0061","EdTech","USA",2012,12,5,89.53,13.32,564,195.03,5.27826770874233,4.50568128748735,2.6616571615325
"ST0063","BioTech","USA",2020,4,5,294.63,178.7,626,920.8,6.82632828028641,5.68910867242241,5.19128879378951
"ST0066","SaaS","India",2011,13,8,404.16,26.045,244,1923.58,7.56246304109859,6.0042820508186,3.29750214532339
"ST0069","SaaS","UK",2000,24,6,499.97,13.33,313,1178.01,7.07243038226561,6.21654621905245,2.66235524184008
"ST0071","AI/ML","UK",2000,24,3,211.54,0.12,244,561.19,6.33183987104992,5.35913020594455,0.113328685307003
"ST0074","BioTech","USA",2006,18,6,90.18,6.1,190,288.32,5.66753334198108,4.5128355747853,1.96009478404727
"ST0077","FinTech","USA",2021,3,5,296.5,59.24,774,1240.22,7.12385004588301,5.69541422498568,4.09833658349164
"ST0078","FinTech","India",2010,14,6,74.64,33.505,436,640.26,6.4634349909053,4.32598524379026,3.54110424107256
"ST0079","SaaS","UK",2016,8,2,37.92,40.58,214,285.1,5.65634140005607,3.6615082573178,3.72761928242987
"ST0080","EdTech","Brazil",2009,15,3,35.81,48.74,793,115.27,4.75591507268052,3.60576954739093,3.90680943837526
"ST0081","CleanTech","Germany",2015,9,6,691.93,45.84,399.5,1737.57,7.46081821523324,6.54092898398703,3.84673753872952
"ST0082","E-Commerce","India",2003,21,3,160.65,41.48,592,394.71,5.98068161974251,5.08543350417144,3.74903337693368
"ST0083","AI/ML","India",2021,3,5,151.49,3.07,272,1027.66,6.9360122633526,5.02709902012692,1.4036429994545
"ST0084","BioTech","Singapore",2009,15,6,95.67,3.18,488,661.14,6.49547701394073,4.57130311647651,1.43031124653666
"ST0085","AI/ML","Israel",2013,11,2,85.64,1.66,488,579.24,6.36344181105516,4.46176160269273,0.978326122793608
"ST0086","EdTech","USA",2012,12,4,144.29,12.18,156,302.99,5.71699480612834,4.97873174508325,2.57870052907436
"ST0087","BioTech","USA",2012,12,3,116.04,5.52,503,489.17,6.19475226971084,4.76251575671187,1.87487437593856
"ST0088","HealthTech","USA",2007,17,4,81.67,6.99,5,300.95,5.71026144075391,4.41485677926458,2.07819075977818
"ST0089","EdTech","USA",2014,10,7,135.15,48.59,580,696.45,6.54743082653824,4.91375721911977,3.90378920050104
"ST0090","EdTech","USA",2011,13,7,507.02,72.18,460,460.85,6.13524016303862,6.23052081688224,4.29292215959106
"ST0091","AI/ML","India",2009,15,7,282.78,117.08,482,2596.59,7.8623393710738,5.64819929007917,4.77136236085216
"ST0092","HealthTech","Canada",2012,12,5,119.05,35.92,403,375.57,5.93110395293318,4.78790832266726,3.60875340963465
"ST0093","E-Commerce","Germany",2010,14,5,185.67,24.27,445,368.41,5.91190713832455,5.22934235204451,3.2296179214001
"ST0095","SaaS","India",2008,16,4,81.84,11.34,399,585.41,6.37401920363304,4.41691103652738,2.51284601847724
"ST0096","E-Commerce","Brazil",2001,23,3,97.03,2.58,555,344.19,5.84409499007588,4.58527355427363,1.27536280041261
"ST0097","EdTech","India",2012,12,2,127.18,8.12,267,245.47,5.50724028222227,4.85343552607608,2.21046980408624
"ST0098","EdTech","Israel",2011,13,1,55.14,7,399.5,113.58,4.74127326898043,4.02784857093374,2.07944154167984
"ST0099","E-Commerce","Germany",2009,15,8,152.07,1.01,104,399.61,5.99298838547632,5.03089533310362,0.698134722070984
"ST0101","BioTech","Canada",2021,3,6,311.81,21.33,407,988.08,6.89677521813897,5.74559597746961,3.10593106585207
"ST0102","CleanTech","India",2018,6,8,201.13,125.71,616,514.59,6.2453118759972,5.30891105475891,4.84190101081082
"ST0103","EdTech","USA",2019,5,4,47.25,28.44,587,167.33,5.12592633843099,3.87639582778499,3.38235429386068
"ST0104","FinTech","Brazil",2014,10,7,724.99,50.39,680,2279.11,7.73197896639874,6.58753624062525,3.93944360100414
"ST0105","BioTech","Canada",2014,10,4,147.69,5.19,333,418.24,6.03844354830198,5.00186360170913,1.8229350866965
"ST0106","E-Commerce","USA",2000,24,7,216.87,49.79,567,571.59,6.35016992831312,5.38389855463824,3.92769948481315
"ST0107","HealthTech","India",2007,17,4,111.59,5.92,150,378.98,5.94011861975639,4.72375290181504,1.93441576962958
"ST0108","BioTech","USA",2008,16,4,94.89,69.39,614,415.63,6.03219853775601,4.56320170116559,4.25405120762004
"ST0109","BioTech","USA",2017,7,7,403.22,11.75,318,1498.14,7.31264688933857,6.00195928420062,2.54553127160444
"ST0110","FinTech","Singapore",2014,10,7,336,33.505,95,1163.07,7.05967776394024,5.82008293035236,3.54110424107256
"ST0112","AI/ML","UK",2012,12,6,337.16,13.66,527,1678.86,7.42646573559156,5.82351915625853,2.68512269645851
"ST0113","BioTech","Singapore",2013,11,4,156.07,87.75,747,539.55,6.29258713973878,5.05669156585494,4.48582342835553
"ST0114","AI/ML","Germany",2013,11,5,255.92,19.69,790,1703.38,7.44095668722225,5.54876475238959,3.02965049175745
"ST0115","FinTech","UK",2021,3,3,50.21,11.87,445,563.47,6.33588723780195,3.93593482547446,2.55489902160804
"ST0116","HealthTech","USA",2009,15,4,61.46,20.47,520,223.84,5.41538903813387,4.13452635185493,3.06665661189069
"ST0117","BioTech","Germany",2010,14,4,188.88,7.9,121,444.92,6.10013956373364,5.24639229368312,2.18605127673809
"ST0118","HealthTech","UK",2012,12,7,942.2,89.26,798,2522.34,7.83333869976782,6.84927834922316,4.50269439439885
"ST0119","HealthTech","India",2011,13,1,76.61,13.9,321,286.39,5.66084017832837,4.35169628486605,2.70136121295141
"ST0120","EdTech","UK",2014,10,6,451.09,9.16,460,500.55,6.21770330332949,6.11388127505571,2.31845844215034
"ST0121","SaaS","Germany",2019,5,2,21.28,33.1,399.5,225.35,5.42208247388197,3.10368941505908,3.52929738428947
"ST0122","BioTech","Canada",2007,17,2,138.18,12.72,636,697.29,6.54863448925683,4.9357680594167,2.61885462229774
"ST0123","CleanTech","UK",2017,7,3,397.08,31.6,276,564.49,6.33769261193386,5.98665299011076,3.48431228837266
"ST0124","BioTech","India",2016,8,2,57,28,344,192.17,5.2635706302182,4.06044301054642,3.36729582998647
"ST0125","SaaS","UK",2017,7,5,147.08,7.06,292,607.16,6.41043800524094,4.99775266826524,2.08691355651854
"ST0126","EdTech","USA",2019,5,3,68.82,22.52,641,301.23,5.71118831691679,4.24592050167689,3.15785112303043
"ST0127","SaaS","India",2002,22,4,73.95,21.12,309,407.22,6.0118062447659,4.31682122454861,3.09648217665413
"ST0128","HealthTech","UK",2011,13,2,46.14,22.66,363,180.17,5.19943581698792,3.85312189750799,3.16378585855024
"ST0129","CleanTech","Germany",2001,23,3,34.02,25.48,488,230.54,5.44475264477758,3.55591932685771,3.27638973106881
"ST0130","CleanTech","USA",2008,16,5,163.75,25.43,476,554.34,6.31958053878854,5.10442917338262,3.2744997286162
"ST0131","BioTech","UK",2020,4,5,254.38,8.88,664,878.3,6.77912613638496,5.54275263199654,2.29051251175978
"ST0133","EdTech","UK",2016,8,4,164.49,5.04,196,390.42,5.96978115227682,5.10891077003085,1.79840401194672
"ST0134","EdTech","UK",2003,21,7,948.8,109.66,486,832.14,6.72520169527202,6.85625143611502,4.70646243746996
"ST0136","HealthTech","USA",2001,23,6,42.4,6.87,32,137.7,4.93231332732079,3.77045944110636,2.06305806242931
"ST0137","E-Commerce","India",2001,23,3,227.5,3.65,240,320.25,5.77221963620943,5.43153621033426,1.53686721959926
"ST0139","SaaS","USA",2000,24,5,135.41,35.45,505,482.05,6.18012016796352,4.91566505650503,3.59594145845467
"ST0141","E-Commerce","USA",2021,3,6,61.42,3.97,515,271.19,5.60650035184965,4.13388573684263,1.60341984010854
"ST0142","FinTech","USA",2012,12,3,163.49,33.505,287,812.9,6.701837508333,5.10284977808407,3.54110424107256
"ST0143","FinTech","Singapore",2017,7,3,161.65,0.35,5,641.09,6.46472848078058,5.09160065291936,0.300104592450338
"ST0144","HealthTech","UK",2020,4,7,289.68,12.17,44,381.39,5.9464410302077,5.67222300574844,2.57794151575519
"ST0145","CleanTech","USA",2000,24,6,79.22,35.3,341,241.41,5.49063050746964,4.38477286034191,3.5918177412708
"ST0146","AI/ML","India",2007,17,6,164.76,36.35,216,1098.41,7.00252895125567,5.11054095907112,3.62033291157883
"ST0147","CleanTech","USA",2003,21,6,80.41,25.43,5,131.42,4.8859786894967,4.39949811558589,3.2744997286162
"ST0148","BioTech","Singapore",2014,10,4,71.56,85.22,540,469.31,6.15339205174855,4.28441380580688,4.45690216931899
"ST0149","SaaS","Germany",2015,9,4,1141.7,26.045,397,1660.04,7.41519919120172,7.04114916215267,3.29750214532339
"ST0150","BioTech","Germany",2006,18,3,58.25,34.53,533,558.33,6.32673963886572,4.08176578001524,3.57037741003294
"ST0152","EdTech","India",2009,15,1,80.17,3.05,413,129.81,4.87374588870014,4.39654572077308,1.39871688111845
"ST0153","FinTech","USA",2003,21,6,651.59,6.54,273,1192.95,7.08502241702882,6.48094906071972,2.02022218201986
"ST0154","HealthTech","UK",2015,9,4,201.33,81.34,329,627.51,6.44335193880269,5.3099000277911,4.41085701634176
"ST0155","SaaS","Israel",2005,19,4,574.91,110.71,675,1662.16,7.41647468623055,6.35595139848759,4.71590622758276
"ST0157","HealthTech","USA",2010,14,5,523.21,22.61,165,952.01,6.85962539677858,6.26189236739564,3.16167035109742
"ST0160","BioTech","USA",2015,9,6,129.16,388.4,798,1007.87,6.91658617161689,4.86876446291078,5.9646070929381
"ST0162","BioTech","Brazil",2006,18,5,40.18,10.14,191,624.71,6.43888700497665,3.71795270159964,2.41054223449914
"ST0163","FinTech","Singapore",2004,20,7,205.59,40.8,106,1056.15,6.96333188687088,5.33073615280354,3.73289633953071
"ST0164","CleanTech","Singapore",2011,13,4,346.59,34.71,622,848.41,6.74454199082612,5.85102362427776,3.57543076160636
"ST0167","E-Commerce","India",2009,15,3,21.22,24.27,329,168.49,5.13279392802996,3.10099278421148,3.2296179214001
"ST0168","AI/ML","Singapore",2002,22,8,181.79,47.05,519,1596.29,7.37606372221161,5.20833795292851,3.8722421354163
"ST0169","BioTech","India",2011,13,2,132.96,25.56,179,650.28,6.47893965726572,4.897541247926,3.27940632460823
"ST0170","SaaS","USA",2009,15,6,531.18,160.08,196,1171.87,7.06720901557224,6.27698177798025,5.08190113598325
"ST0171","CleanTech","USA",2019,5,6,176.91,55.79,603,417.21,6.03598369871247,5.18127780444668,4.03936025388934
"ST0173","CleanTech","Singapore",2009,15,2,43.13,25.43,435,238.32,5.47780156852183,3.78713982328146,3.2744997286162
"ST0174","SaaS","Brazil",2007,17,7,559.42,12.49,388,1227.77,7.11376894803288,6.32868650261974,2.60194867021966
"ST0176","CleanTech","Israel",2010,14,3,165.9,8.33,5,619.15,6.42996138426134,5.11739483066779,2.23323501485925
"ST0177","CleanTech","India",2018,6,2,64.71,56.5,218,336.35,5.82112096707343,4.18525112090978,4.0517849478033
"ST0178","BioTech","India",2004,20,7,884.35,40.9,684,1892.05,7.5459445639614,6.78598304705223,3.73528582692809
"ST0179","HealthTech","Germany",2009,15,3,126.02,13.09,317,785.44,6.66751643223929,4.84434455437483,2.64546532591059
"ST0180","E-Commerce","USA",2003,21,6,375.08,24.27,278,680.31,6.52401741549372,5.92980188671588,3.2296179214001
"ST0182","E-Commerce","Canada",2019,5,2,37.69,13.09,5,159.59,5.0788545330734,3.65558116871242,2.64546532591059
"ST0183","BioTech","USA",2016,8,3,200.1,44.25,524,680.69,6.52457500905182,5.30380229677861,3.81220267014594
"ST0184","EdTech","India",2002,22,5,127.78,17.26,221,404.84,6.00595899325843,4.85810552211004,2.90471287516682
"ST0185","HealthTech","Germany",2001,23,4,75.85,40.11,616,254.04,5.54142039560185,4.3418554699846,3.71625140090979
"ST0186","EdTech","UK",2021,3,4,19.25,0.1,547,113.08,4.73689995666599,3.00815479355255,0.0953101798043249
"ST0188","E-Commerce","India",2016,8,6,186.19,35.25,372,451.23,6.11419089996972,5.23212414381324,3.59043938130068
"ST0189","SaaS","Israel",2021,3,5,71.74,4.9,421,414.48,6.02943447835961,4.28689143955884,1.77495235091167
"ST0190","EdTech","USA",2008,16,4,11.03,26.54,349,61.31,4.13212192655613,2.48740352998659,3.31563949330051
"ST0191","E-Commerce","Singapore",2008,16,6,238.58,3.71,314,400.67,5.9956308559774,5.47888739030318,1.54968790802833
"ST0192","E-Commerce","UK",2005,19,4,184.26,0.78,97,293.06,5.68378382814951,5.22176024382588,0.576613364303994
"ST0193","AI/ML","UK",2017,7,5,402.78,23.32,594,2466.07,7.81078649067079,6.00087017518208,3.19129905709797
"ST0194","EdTech","USA",2003,21,4,82.7,1.52,289,210.83,5.35578406619637,4.42723897749543,0.924258901523332
"ST0195","CleanTech","India",2016,8,5,82.76,9.72,166,348.05,5.85521517841641,4.42795556656228,2.37211115564266
"ST0196","E-Commerce","UK",2004,20,6,896.52,24.27,399.5,936.51,6.84322742445434,6.79963540423671,3.2296179214001
"ST0198","EdTech","Brazil",2007,17,7,112.66,5.4,5,182.52,5.21232365338106,4.73321153586898,1.85629799036563
"ST0199","E-Commerce","USA",2014,10,8,815.38,20.45,532,1477.54,7.29881039337364,6.70487993284042,3.06572464537403
"ST0200","EdTech","USA",2021,3,3,213.34,33.71,259,394.77,5.98083323443932,5.36756353928485,3.5470278298737
"ST0201","SaaS","USA",2011,13,3,21.23,12.27,236,186.32,5.23281838431534,3.10144272797611,2.58550584834412
"ST0202","E-Commerce","USA",2021,3,5,207.3,35.57,421,451.1,6.11390339430056,5.33897934826693,3.59922823216129
"ST0203","BioTech","Israel",2016,8,4,546.87,19.75,303,935.52,6.84217087776929,6.30603803252804,3.03254624667671
"ST0204","EdTech","India",2019,5,8,967.2,19.61,736,1376.11,7.22774237934349,6.87543867750559,3.02577639490237
"ST0205","CleanTech","Germany",2001,23,3,88.97,12,35,328.01,5.79608814544023,4.49947628142903,2.56494935746154
"ST0206","HealthTech","UK",2012,12,4,116.25,1.37,300,436.89,6.08196773728261,4.76430840732639,0.86288995514704
"ST0207","FinTech","USA",2004,20,6,22.41,46.93,279,312.88,5.74901074725927,3.15316328150282,3.86974161317154
"ST0208","E-Commerce","India",2020,4,4,188.34,24.59,193,485.94,6.18814091220702,5.24354434070074,3.2422016501717
"ST0209","FinTech","India",2018,6,3,137.66,43.69,534,849.9,6.74629461285551,4.93202489351434,3.79974976294536
"ST0210","HealthTech","India",2011,13,4,101.97,4.65,253,343.31,5.84154241436069,4.63443768366866,1.73165554515835
"ST0211","AI/ML","Brazil",2012,12,2,39.26,15.03,216,280.07,5.63860374863121,3.69535842021165,2.77446196662146
"ST0214","BioTech","USA",2019,5,4,314.63,30.19,401,1317.8,7.18447751119758,5.75457064148831,3.44009753061971
"ST0216","E-Commerce","USA",2017,7,6,137.91,24.27,399.5,311.39,5.74425240720991,4.9338262414093,3.2296179214001
"ST0217","AI/ML","USA",2007,17,5,708.23,51.32,698,3283.9,8.09709148905506,6.56417987448982,3.95737870714894
"ST0218","E-Commerce","USA",2018,6,6,148.88,47.59,446,365.82,5.90487126452289,5.00983497392549,3.88341774841781
"ST0219","FinTech","India",2004,20,2,186.9,2.49,275,1047.95,6.95554494281799,5.23590990641942,1.24990173621434
"ST0220","HealthTech","Germany",2008,16,3,74.87,2.88,60,361.53,5.89310722949111,4.32902134934998,1.35583515363518
"ST0221","FinTech","India",2016,8,4,312.17,181.91,706,1024.14,6.93258446761143,5.74674617408832,5.20899422858783
"ST0222","EdTech","USA",2001,23,5,155.6,12.72,623,426.87,6.05881941112621,5.0536947835567,2.61885462229774
"ST0224","E-Commerce","USA",2007,17,3,132.66,26.64,509,446.06,6.10269281379369,4.89529926208292,3.31926399889947
"ST0225","CleanTech","Israel",2013,11,4,50.68,25.43,534,251.32,5.53069812321473,3.94507085947435,3.2744997286162
"ST0226","AI/ML","USA",2010,14,3,109.22,452.71,482,770.49,6.64832370995641,4.70247836845509,6.11745822742327
"ST0227","E-Commerce","Singapore",2015,9,5,218.43,49.45,478,506.83,6.23014674590283,5.39103327504778,3.92098274679962
"ST0228","FinTech","Brazil",2003,21,4,160.65,33.505,399.5,701.87,6.55517195294666,5.08543350417144,3.54110424107256
"ST0229","HealthTech","USA",2010,14,7,125.73,9.69,9,398.55,5.99033891382047,4.84205883909397,2.36930872503695
"ST0232","HealthTech","USA",2012,12,6,359.67,16.59,388,1106.19,7.00958055303071,5.88796341283979,2.86733055874947
"ST0233","FinTech","USA",2017,7,2,91.59,2.14,440,445.54,6.10152898197029,4.52818114445996,1.14422279992016
"ST0234","EdTech","Germany",2019,5,1,225.54,5.93,376,313.81,5.75196928223948,5.42292152977257,1.93585981320181
"ST0235","FinTech","USA",2016,8,3,132.14,29.35,308,791.39,6.67505369485582,4.89140120617256,3.41279651750551
"ST0236","E-Commerce","USA",2017,7,3,296.89,12.55,421,390.74,5.9705983544266,5.69672429084429,2.60638654732571
"ST0237","BioTech","USA",2008,16,5,438.24,15.37,374,1777.22,7.48336814295255,6.08504596072951,2.79545039138304
"ST0238","CleanTech","India",2003,21,5,151.45,9.15,258,447.86,6.10671103511237,5.02683667343426,2.3174737054878
"ST0239","BioTech","USA",2010,14,6,235.63,64.91,789,945.04,6.85228485145606,5.46649773978696,4.18829017506463
"ST0240","CleanTech","India",2003,21,3,54.68,9.08,353,522.22,6.26000202571208,4.01962101602616,2.31055326264322
"ST0241","SaaS","USA",2006,18,2,146.85,23.48,145,381.68,5.94719913080997,4.99619824629849,3.19785645764413
"ST0242","E-Commerce","USA",2001,23,7,153.62,186.68,665,471.61,6.1582705240719,5.04097049389233,5.23473838490517
"ST0243","CleanTech","Canada",2003,21,5,435.33,17.58,314,714.42,6.57286978282218,6.07839883779321,2.92208573338569
"ST0244","AI/ML","Germany",2014,10,5,402.33,3.64,227,637.61,6.4592939394127,5.99975508542572,1.53471436623816
"ST0245","EdTech","USA",2020,4,3,34.42,0.1,154,143.08,4.9703687008677,3.56727663235469,0.0953101798043249
"ST0246","SaaS","India",2007,17,6,1772.72,165.07,575,2151.61,7.67443633836433,7.48083431501198,5.11240938621866
"ST0247","AI/ML","USA",2005,19,6,870.16,19.51,524,2601.47,7.86421627304516,6.76982565688241,3.02091257208429
"ST0249","FinTech","Germany",2016,8,6,263.97,9.53,399.5,1071.98,6.978195103128,5.57961661203059,2.35422832614588
"ST0251","E-Commerce","Canada",2012,12,2,24.59,1.7,223,131.85,4.88922067220582,3.2422016501717,0.993251773010283
"ST0252","BioTech","USA",2006,18,3,144.67,19.69,302,716.2,6.57535474173098,4.98134378946086,3.02965049175745
"ST0253","HealthTech","UK",2014,10,3,184.8,14.11,487,453.8,6.11985776187638,5.22467082637974,2.71535677628465
"ST0255","HealthTech","UK",2001,23,5,234.89,1.74,63,288.64,5.66863877252062,5.46336559467153,1.00795792039998
"ST0256","E-Commerce","Canada",2006,18,3,68.97,21.19,359,168.71,5.13409109802317,4.2480665787578,3.0996417369445
"ST0257","HealthTech","USA",2019,5,3,195.79,16.84,459,652.3,6.4820364418467,5.282137170319,2.88144312715186
"ST0259","SaaS","India",2002,22,4,64.6,26.045,561,300.77,5.70966513781436,4.18357569595004,3.29750214532339
"ST0260","SaaS","India",2006,18,3,167.02,40.65,254,906.5,6.81069356613901,5.1240830199367,3.72930136861285
"ST0261","HealthTech","Germany",2014,10,8,1106.35,16.455,485,1494.92,7.31049668116871,7.00972505256585,2.859626140557
"ST0262","EdTech","UK",2011,13,5,221.8,792.39,651,758.91,6.63320000521542,5.40627450805313,6.67631490401794
"ST0263","AI/ML","USA",2014,10,6,693.87,35.12,399.5,2315.15,7.74766160343498,6.54372477770898,3.58684672854878
"ST0264","E-Commerce","USA",2006,18,3,26.36,5.66,363,169.78,5.14037617847946,3.30908209275435,1.8961194845523
"ST0265","FinTech","India",2019,5,7,90.21,35.81,404,496.23,6.2090526957085,4.51316454019207,3.60576954739093
"ST0266","HealthTech","USA",2001,23,5,198.58,47.35,175,674.72,6.51577878905453,5.29621515845617,3.8784662218993
"ST0267","FinTech","Canada",2011,13,6,295.75,42.87,264,929.2,6.83539961679,5.69289003348978,3.78123071517812
"ST0268","EdTech","USA",2000,24,5,124.7,1.51,326,261.21,5.56914570942766,4.8338981155962,0.920282753143693
"ST0269","EdTech","USA",2006,18,1,13.1,0.1,177,35.38,3.59401917308998,2.64617479738412,0.0953101798043249
"ST0270","E-Commerce","Singapore",2019,5,5,307,24.27,461,666.88,6.50410851668076,5.73009978297357,3.2296179214001
"ST0271","EdTech","USA",2008,16,5,262.15,214.31,620,707.09,6.5625712042589,5.57272421179979,5.37207885011009
"ST0272","E-Commerce","USA",2002,22,3,150.89,13.02,308,197.6,5.29129275161107,5.02315657464993,2.64048488160644
"ST0273","E-Commerce","Germany",2013,11,2,122.27,55.01,293,172.92,5.1585954233729,4.81437707156343,4.02553024622174
"ST0274","E-Commerce","USA",2017,7,6,100.26,18.93,399.5,303.44,5.71847402339919,4.61769146654176,2.9922261342247
"ST0275","EdTech","Canada",2003,21,4,32.35,55.78,357,153.78,5.04200475384231,3.50705777236163,4.03918415104483
"ST0276","SaaS","USA",2015,9,8,557.93,158.5,703,1197.5,7.08882605387444,6.32602424170037,5.0720439222249
"ST0277","AI/ML","USA",2019,5,4,302.84,13.15,73,698.51,6.55038008992901,5.71650124706398,2.64971462408925
"ST0279","AI/ML","UK",2014,10,7,737.72,30.08,235,2000.58,7.60169214765633,6.60491895875868,3.43656452549945
"ST0280","SaaS","USA",2021,3,6,728.16,50.61,642,1386.41,7.23519397865191,6.59189318666472,3.94371545216064
"ST0281","CleanTech","Brazil",2015,9,6,315.98,3.7,211,811.42,6.70001744781778,5.75883868040428,1.54756250871601
"ST0282","HealthTech","USA",2004,20,4,26.22,27.25,347,338.34,5.82700255461479,3.30395199722332,3.34109345759245
"ST0283","BioTech","UK",2015,9,6,132.4,1.39,203,437.22,6.08272106737953,4.89335213348152,0.871293365943419
"ST0284","BioTech","India",2018,6,5,359.42,3.74,113,1001.24,6.90999277392233,5.88727001809012,1.55603713570699
"ST0287","CleanTech","USA",2007,17,7,3800.47,25.75,539,2812.25,7.94209567763011,8.24314311301562,3.28653447334202
"ST0290","BioTech","USA",2020,4,6,191.04,276.96,735,680.96,6.52497100509703,5.25770368366274,5.62747721844613
"ST0291","SaaS","Brazil",2018,6,5,241.09,68.62,597,819.05,6.70936531400912,5.48930955784516,4.24305188238329
"ST0292","BioTech","India",2007,17,5,151.32,108.6,561,736.03,6.60262859692398,5.02598357104305,4.69683737451392
"ST0293","SaaS","India",2011,13,2,85.52,96.39,273,372.8,5.92372089502146,4.46037560108486,4.57872353597311
"ST0294","FinTech","USA",2002,22,6,1249.61,54.27,434,2387.3,7.77833709476264,7.13138671126307,4.01223026584517
"ST0295","AI/ML","USA",2015,9,5,172.9,13.9,137,663.23,6.49862847504098,5.15848042136024,2.70136121295141
"ST0297","CleanTech","USA",2018,6,2,125.71,2.8,5,252.2,5.53417969027002,4.84190101081082,1.33500106673234
"ST0298","HealthTech","USA",2017,7,6,691.55,7.46,269,1214.21,7.1026721803458,6.54038043762111,2.13534917361813
"ST0299","E-Commerce","UK",2005,19,5,185.82,10.55,511,350.85,5.86320494841256,5.2301455864447,2.4466854369678
"ST0300","EdTech","Germany",2020,4,1,60.25,14.48,115,160.66,5.0854953643057,4.11496384942484,2.73954886816158
"ST0301","BioTech","USA",2017,7,3,85.49,78.11,385,465.91,6.14613651961003,4.46002880031842,4.3708392890333
"ST0302","FinTech","USA",2009,15,5,217.8,221.59,578,1485.6,7.30424691229119,5.38815807054783,5.40533151420252
"ST0303","BioTech","India",2020,4,4,349.69,16.22,246,1332.51,7.19556984265657,5.85990264233982,2.84607149899958
"ST0305","CleanTech","USA",2016,8,1,130.14,2.19,5,304.34,5.7214259098288,4.87626545483547,1.16002091679675
"ST0306","HealthTech","India",2014,10,4,149.42,19.37,663,463.74,6.14147810942547,5.01343138139826,3.01406323023871
"ST0307","AI/ML","USA",2010,14,6,474.25,9.68,444,1290.53,7.16358284106983,6.16384098136854,2.36837283353205
"ST0308","CleanTech","USA",2017,7,7,308.53,91.82,484,1161.52,7.05834534161459,5.73505501796031,4.53066213381303
"ST0311","BioTech","USA",2014,10,3,483.27,21.33,543,703.18,6.5570340052952,6.18264260241514,3.10593106585207
"ST0312","AI/ML","USA",2012,12,4,176.23,40.43,798,2061.69,7.63176623517806,5.17744832406705,3.72400525608931
"ST0313","FinTech","Germany",2020,4,4,126.34,5.91,597,845.9,6.74158262392755,4.84686067458888,1.93296963777958
"ST0314","FinTech","India",2019,5,6,33.03,13.3,352,208.75,5.34591634534732,3.52724248851281,2.66025953726586
"ST0315","EdTech","USA",2007,17,6,233.38,2.78,121,425.41,6.05540132473424,5.45694372983046,1.3297240096315
"ST0318","EdTech","Israel",2019,5,3,260.7,27.32,485,412.57,6.02482678671438,5.5671988095361,3.34356826882552
"ST0320","E-Commerce","UK",2018,6,8,257.47,24.27,798,755.01,6.62805460360528,5.55477963305507,3.2296179214001
"ST0321","HealthTech","Germany",2011,13,5,98.47,2.77,14,286.88,5.6625437266396,4.59985609116432,1.32707500145992
"ST0322","AI/ML","Canada",2016,8,4,666.26,16.46,560,2321.24,7.75028751608977,6.50317977505881,2.85991255041146
"ST0323","EdTech","Singapore",2020,4,4,56.45,56.8,424,317.62,5.76399917014475,4.05091500429476,4.05698877567833
"ST0324","CleanTech","USA",2000,24,3,248.97,45.36,373,746.46,6.61668079212735,5.52134091066167,3.83643701847155
"ST0325","HealthTech","Canada",2019,5,7,591.35,16.32,399.5,1043.9,6.95167646604007,6.38409767640077,2.85186190313429
"ST0326","HealthTech","USA",2012,12,3,80.09,66.14,477,412.05,6.02356865100851,4.39555964895647,4.20677999155189
"ST0327","CleanTech","India",2020,4,5,276.21,25.43,200,808.75,6.69672555805144,5.62477534170113,3.2744997286162
"ST0328","FinTech","USA",2011,13,6,349.12,5.33,5,1281.38,7.15647300541577,5.85827595286424,1.84530023615608
"ST0329","FinTech","Brazil",2001,23,3,45.09,40.25,194,473.73,6.16274622136952,3.83059600673242,3.71965111278069
"ST0330","BioTech","Canada",2000,24,5,297.14,35.31,332,614.98,6.42321449547397,5.69756317484228,3.59209318542624
"ST0331","FinTech","USA",2013,11,5,746.17,34.03,495,1928.64,7.56508873600292,6.61629273621567,3.5562048372094
"ST0332","CleanTech","USA",2008,16,4,41.5,34.57,460,250.56,5.5276815296753,3.74950407593037,3.57150258596036
"ST0334","SaaS","India",2013,11,6,276.87,163.45,391,1577.73,7.36437600533426,5.62715337842027,5.10260657263507
"ST0336","FinTech","UK",2021,3,2,109.09,6.69,280,589.3,6.38063088224664,4.70129821308231,2.03992078351755
"ST0337","BioTech","USA",2013,11,3,43.62,77.49,401,346.49,5.85073588761236,3.79818218900439,4.36297122813872
"ST0339","SaaS","Brazil",2001,23,3,141.24,47.1,399.5,374.97,5.92950935297268,4.95751577176559,3.87328217711172
"ST0340","E-Commerce","India",2009,15,3,70.27,26.57,399.5,174.69,5.16872107837696,4.26647548151378,3.31672822503571
"ST0341","EdTech","Israel",2017,7,7,152.93,23.56,444,618.67,6.42918707827501,5.03649795362198,3.20111910327894
"ST0343","HealthTech","USA",2010,14,4,46.14,5.15,348,196.06,5.28350825089433,3.85312189750799,1.81645208181843
"ST0344","HealthTech","Germany",2010,14,4,44.61,11.61,264,139.46,4.94492275073087,3.82012699072361,2.53449014997683
"ST0345","SaaS","Germany",2009,15,5,468.45,26.045,445,885.35,6.78711190645979,6.15156179670456,3.29750214532339
"ST0346","HealthTech","India",2021,3,5,166.24,6.81,317,714.76,6.57334491523934,5.11942990648836,2.05540496385159
"ST0347","AI/ML","Brazil",2002,22,8,112.28,44.52,419,1230.48,7.11597197707143,4.72986262994541,3.81815178981808
"ST0348","HealthTech","USA",2005,19,2,25.16,4.44,50,106.19,4.67460296070343,3.264231526589,1.69377906086785
"ST0349","EdTech","Brazil",2017,7,4,258.69,73.43,401,693.63,6.54337932970267,5.5594886119589,4.30985908637182
"ST0350","E-Commerce","UK",2001,23,6,355.64,20.01,769,637.49,6.45910601364282,5.87672686963756,3.04499851485691
"ST0351","E-Commerce","USA",2011,13,4,217.45,24.27,45,395.64,5.98302906828688,5.38655715539744,3.2296179214001
"ST0352","AI/ML","USA",2019,5,4,95.69,21.25,628,671.84,6.51150755992358,4.57150998449546,3.10234200861225
"ST0353","E-Commerce","USA",2001,23,6,430.69,28.73,332,811.96,6.70068190784542,6.06770773805871,3.39215663701001
"ST0355","E-Commerce","USA",2008,16,6,143.44,93,406,599.26,6.39736289468771,4.97286419640926,4.54329478227
"ST0356","BioTech","India",2019,5,8,643.79,27.03,350,2562.36,7.8490741768984,6.46892468238729,3.3332753651767
"ST0358","BioTech","UK",2010,14,8,329.54,24.88,612,703.08,6.55689198606556,5.80072768071268,3.2534704696327
"ST0359","CleanTech","UK",2008,16,4,90.75,100.09,306,240.05,5.48500438085163,4.51906748693468,4.61601120916597
"ST0362","AI/ML","Germany",2013,11,3,215.52,16.96,406,1049.01,6.95655496691574,5.37768292192878,2.88814706287405
"ST0363","BioTech","UK",2004,20,6,268.13,75.69,428,986.21,6.89488278275946,5.5951945342393,4.33977132177677
"ST0364","FinTech","Singapore",2003,21,4,80.47,9.87,363,397.49,5.98768240381252,4.40023485432255,2.38600670113312
"ST0365","E-Commerce","Singapore",2012,12,3,91.33,16.19,225,418.74,6.03963547196927,4.52536911578454,2.84432781939476
"ST0366","BioTech","Germany",2014,10,2,83.38,7.13,399.5,803.83,6.69063107499268,4.43533040669619,2.09556092355972
"ST0367","FinTech","USA",2020,4,8,739.14,1221.54,528,1932.18,7.56692159437634,6.60683935749339,7.10868594065015
"ST0368","EdTech","India",2002,22,1,35.26,15.09,589,106.42,4.67674638447731,3.5907152053267,2.77819796100429
"ST0369","HealthTech","Brazil",2013,11,5,128.12,26.66,121,359.12,5.88643730924028,4.86074220452164,3.31998732623661
"ST0370","FinTech","Brazil",2017,7,5,74.88,85.03,353,571.77,6.35048423997318,4.32915314506681,4.45469607263326
"ST0371","FinTech","USA",2004,20,7,714.43,52.03,551,1127.68,7.02880408730428,6.57288376052774,3.97085779114904
"ST0373","FinTech","India",2020,4,6,181.36,24.82,598,757.44,6.631263692166,5.20598275534524,3.2511493854185
"ST0374","E-Commerce","USA",2005,19,2,48.4,29.62,34,141.16,4.9569531838464,3.89995042419388,3.42165339022954
"ST0375","AI/ML","Israel",2011,13,6,674.23,92.78,417,2594.48,7.86152674959321,6.51505337357433,4.54095161366144
"ST0376","BioTech","USA",2017,7,5,87.61,7.6,98,230.78,5.44578864590625,4.48424471805921,2.15176220325946
"ST0377","CleanTech","Canada",2002,22,4,126.22,3.48,92,298.62,5.70251500508924,4.84591787125066,1.49962304642689
"ST0378","CleanTech","Canada",2005,19,3,81.97,24.69,683,249.79,5.52461593555555,4.41847909667619,3.24610181112179
"ST0379","SaaS","UK",2017,7,6,235.31,122.15,798,643.67,6.46873855796258,5.46514450238334,4.81340312456655
"ST0380","SaaS","India",2017,7,8,554.19,12.05,175,793.56,6.6777885023198,6.31931039750301,2.5687881337687
"ST0381","EdTech","Canada",2015,9,8,2053.6,24.55,538,941.96,6.84902386391831,7.62783646078216,3.24063731664971
"ST0382","E-Commerce","USA",2008,16,3,63.5,101.75,442,353.85,5.87169516497099,4.16666522380173,4.63229885337634
"ST0383","CleanTech","UK",2019,5,6,216.52,181.19,798,863.33,6.76195464032629,5.38229080032422,5.20505009857759
"ST0384","EdTech","USA",2016,8,7,793.4,15.31,403,933.22,6.83971195653077,6.67758711273096,2.79177841663292
"ST0385","SaaS","USA",2002,22,3,266.39,34.05,146,735.44,6.60182776618901,5.58870826681074,3.5567756134806
"ST0386","HealthTech","India",2014,10,6,91.76,55.11,798,635.21,6.45552869751908,4.53001551238733,4.02731404976288
"ST0387","HealthTech","Brazil",2012,12,2,71.71,84.27,730,609.09,6.41360648726786,4.28647892666197,4.44582269275396
"ST0388","FinTech","USA",2003,21,6,185.77,76.02,670,1358.91,7.21517380006975,5.22987791332552,4.34406512838676
"ST0390","AI/ML","Germany",2001,23,6,121.29,129.94,769,1340.65,7.20165547874715,4.80639527320128,4.87473920301295
"ST0391","E-Commerce","UK",2001,23,4,241.87,48.9,236,479.86,6.17557616744843,5.49252632076413,3.91002100275747
"ST0392","BioTech","USA",2002,22,4,126.29,30.75,666,600.15,6.39884448742092,4.84646794788234,3.4578927253387
"ST0395","FinTech","Germany",2002,22,4,179.75,3.48,137,2043.44,7.62287919234545,5.19711486103887,1.49962304642689
"ST0396","FinTech","Brazil",2004,20,5,314.63,53.3,492,1457.18,7.28494436173856,5.75457064148831,3.99452422693989
"ST0397","CleanTech","Singapore",2018,6,5,127.07,94.24,531,639.31,6.46195243408201,4.85257698943798,4.55640002161866
"ST0398","CleanTech","India",2020,4,5,308.42,21.97,454,544.75,6.30216099543005,5.73469957729092,3.13418901670101
"ST0399","AI/ML","USA",2018,6,2,263.33,27.89,536,1278.58,7.15428717806888,5.57719832254675,3.36349551447814
"ST0401","SaaS","UK",2005,19,7,848.21,304.99,543,1382.04,7.23203925387847,6.74430650554875,5.72355242167982
"ST0402","HealthTech","USA",2000,24,5,27.95,6.83,456,183.23,5.21618497700942,3.365570204019,2.05796251000271
"ST0403","AI/ML","India",2014,10,6,207.93,27.48,467,853.98,6.7510780768503,5.34199926763416,3.34920208654377
"ST0404","CleanTech","UK",2000,24,6,130.28,10.46,200,452.47,6.1169291152171,4.87733244678184,2.43886271128659
"ST0405","BioTech","USA",2008,16,2,102.08,86.77,733,663.79,6.49947120131017,4.63550538578416,4.47471975660403
"ST0408","BioTech","USA",2004,20,5,253.71,26.2,726,961.02,6.86903524047039,5.5401256430914,3.30321697330195
"ST0409","FinTech","USA",2016,8,6,2665.32,33.505,382,2717.24,7.9077398910336,7.88845452354313,3.54110424107256
"ST0410","HealthTech","USA",2014,10,2,14.04,2.02,65,119.93,4.79521186579718,2.71071331852169,1.10525683138678
"ST0412","BioTech","USA",2006,18,1,133.45,14.08,496,821.42,6.71225121347134,4.90119238271487,2.71336936257981
"ST0413","CleanTech","India",2015,9,3,46.68,37.06,279,190.43,5.25452220654837,3.86451202275709,3.639163861868
"ST0414","E-Commerce","Brazil",2011,13,4,61.15,34.41,188,229.78,5.44146487576652,4.12955081795672,3.56699426612381
"ST0415","EdTech","USA",2005,19,2,66.93,43.49,600,154.32,5.04548750486347,4.21847776320321,3.79526444481795
"ST0416","CleanTech","USA",2017,7,2,170.99,2.21,98,402.46,6.0000773502062,5.1474363355884,1.16627093714192
"ST0417","EdTech","USA",2006,18,1,22.12,9.6,5,77.92,4.36843468115441,3.14069804380418,2.36085400111802
"ST0418","E-Commerce","Israel",2016,8,3,214.22,44.57,255,232.7,5.45403824154481,5.37166076077225,3.81924960527579
"ST0421","SaaS","UK",2015,9,6,437.02,330.07,710,1896.18,7.54812385209671,6.08226457143442,5.80232983338078
"ST0424","FinTech","USA",2008,16,2,105.17,33.505,5,840.59,6.73529295978357,4.66504158302548,3.54110424107256
"ST0425","AI/ML","India",2006,18,5,233.53,263.86,564,2647.94,7.88191483895893,5.45758351147349,5.57920138449882
"ST0426","CleanTech","USA",2013,11,5,175.53,32.73,350,324.71,5.78600741491187,5.17349083360119,3.51838764907356
"ST0427","AI/ML","India",2014,10,3,105.77,5.41,84,687.95,6.53516869943991,4.67067698819021,1.85785927093258
"ST0430","HealthTech","Singapore",2005,19,5,123.39,69.46,798,747.87,6.61856540370011,4.82342179122187,4.25504517291309
"ST0431","CleanTech","USA",2000,24,6,417.67,199.37,656,960.91,6.8689208911956,6.03708302011178,5.30016565740565
"ST0432","HealthTech","USA",2017,7,3,85.32,47.51,781,509.08,6.2345675761618,4.45806132094988,3.88176996225712
"ST0433","FinTech","USA",2010,14,4,165.42,22.83,430,785.84,6.66802492406353,5.11451471347228,3.17094529111065
"ST0434","BioTech","USA",2019,5,2,58.29,1.03,128,277.58,5.62970527125989,4.08244065771928,0.708035793053696
"ST0436","CleanTech","USA",2017,7,6,436.06,51.23,5,515.95,6.2479461580327,6.08007048544201,3.95565704244821
"ST0437","SaaS","USA",2013,11,1,34.17,11.74,152,150.64,5.02150929064813,3.56019344648589,2.54474665014402
"ST0438","HealthTech","USA",2015,9,4,249.62,71.61,110,628.16,6.44438559637244,5.52393784773714,4.28510265339216
"ST0439","AI/ML","UK",2020,4,3,162.16,11.86,5,968.99,6.87728576216594,5.09473131444936,2.55412171880947
"ST0440","FinTech","Canada",2005,19,6,241,33.505,103,842.81,6.73792735076958,5.48893772615669,3.54110424107256
"ST0441","EdTech","Israel",2016,8,5,750.15,25.72,273,974.04,6.88247849579734,6.62160536550843,3.28541234866844
"ST0444","CleanTech","USA",2001,23,2,45.33,20.54,179,200.25,5.30454791629867,3.83578969942856,3.06991167172824
"ST0445","BioTech","Singapore",2020,4,4,1604,8.05,160,1829.09,7.51212042495402,7.38087903556412,2.20276475771183
"ST0446","AI/ML","USA",2008,16,2,26.12,62.71,575,547.67,6.30749716788459,3.30027146307219,4.1543415361284
"ST0450","AI/ML","USA",2007,17,4,497.01,66.43,360,1392.59,7.23963843041233,6.21062015714433,4.21109002274649
"ST0451","CleanTech","USA",2019,5,3,59.73,23.28,262,126.73,4.84991866105469,4.10643780990948,3.1896529661913
"ST0452","FinTech","Israel",2020,4,4,89.69,75.33,565,550.64,6.31289565960614,4.50744709745948,4.33506604581038
"ST0453","AI/ML","USA",2009,15,5,547.85,9.86,188,1874.38,7.53656658453706,6.30782518013333,2.38508631450579
"ST0454","BioTech","USA",2019,5,3,106.33,7.04,370,425.33,6.05521369427188,4.67590820049343,2.08442908319088
"ST0455","E-Commerce","USA",2001,23,6,243.72,20.07,394,399.21,5.9919894093437,5.50011469984265,3.0478502278161
"ST0457","AI/ML","Brazil",2018,6,7,395.92,163.06,605,1631.21,7.39769020371653,5.98373474904604,5.1002322145746
"ST0458","AI/ML","UK",2005,19,6,251.86,23.29,399.5,1744.72,7.46492235698734,5.53283597588375,3.19006474301408
"ST0459","FinTech","USA",2015,9,8,1004.85,34.55,798,3446.13,8.14529727975988,6.91358823417458,3.57094015624925
"ST0460","CleanTech","USA",2005,19,3,115.61,25.93,314,272.57,5.61155753061368,4.75883503353224,3.29324090682351
"ST0461","EdTech","India",2011,13,6,111.19,62.76,548,364.66,5.90170393990036,4.72019386255687,4.15512603448196
"ST0462","AI/ML","Israel",2016,8,8,610.75,68.58,739,1979.07,7.59088747659901,6.41632370232278,4.2424771697238
"ST0463","AI/ML","Canada",2021,3,4,264.63,3.39,167,1396.97,7.24277646333604,5.58210436303093,1.47932922708708
"ST0465","HealthTech","India",2013,11,3,54.53,3.17,396,226.03,5.42508216733953,4.01692341525352,1.42791603581071
"ST0466","HealthTech","USA",2004,20,6,135.14,836.46,699,1617.17,7.38905116008435,4.9136837680198,6.73037350136459
"ST0467","HealthTech","Singapore",2003,21,7,1073.86,271.44,798,2549.3,7.84396627829142,6.97994569952263,5.60741840637312
"ST0468","BioTech","Israel",2012,12,6,275.11,7.37,399.5,925.47,6.83138166527673,5.62079933704154,2.12465388450138
"ST0469","SaaS","Germany",2018,6,4,21.77,0.1,55,155.4,5.05241682811121,3.12544388007565,0.0953101798043249
"ST0473","EdTech","UK",2009,15,7,185.67,79.67,605,302.64,5.71584278914857,5.22934235204451,4.39036675894888
"ST0474","BioTech","Germany",2020,4,2,19.87,21.33,688,304.96,5.72345437445366,3.03831272108911,3.10593106585207
"ST0475","EdTech","USA",2012,12,5,314.38,22.43,798,566.12,6.34057092154676,5.75377826097744,3.1540172525197
"ST0478","E-Commerce","USA",2002,22,4,124.89,35.88,456,499.72,6.21604706261645,4.83540850977817,3.60766939868839
"ST0479","AI/ML","USA",2013,11,3,216.53,16.86,523,1251.81,7.13314430732473,5.38233677205161,2.88256357544835
"ST0480","BioTech","UK",2000,24,3,738.89,5.73,89,948.87,6.85632513312559,6.60650152650026,1.90657514365664
"ST0481","EdTech","USA",2015,9,2,175.62,5.61,597,365.36,5.90361645653479,5.17400053204066,1.88858365386359
"ST0482","CleanTech","USA",2014,10,4,10.78,1.9,5,191.34,5.25926463928434,2.46640317822344,1.06471073699243
"ST0483","BioTech","Singapore",2006,18,3,42.08,101.19,479,366.79,5.9075121231111,3.76305885228819,4.62683382562412
"ST0484","BioTech","India",2011,13,1,12.79,14.92,45,170.59,5.14510791029753,2.62394369180521,2.76757618041624
"ST0485","SaaS","USA",2001,23,6,298.98,1.83,130,652.16,6.48182212223411,5.70371580576721,1.04027671165515
"ST0486","CleanTech","Singapore",2011,13,4,199.84,111.77,419,945.88,6.85317236921184,5.3025085711665,4.7253503462442
"ST0487","E-Commerce","Brazil",2003,21,5,112.19,43.14,689,361.74,5.89368632418928,4.72906782264433,3.78736640082859
"ST0488","FinTech","UK",2017,7,1,22.53,47.88,798,246.15,5.50999543975297,3.15827620273927,3.88936831486334
"ST0489","SaaS","Germany",2019,5,2,237.65,49.92,771,1433.9,7.26885043935436,5.47499804345191,3.93025577368921
"ST0490","SaaS","UK",2002,22,6,150.59,153.62,350,833.66,6.72702445629953,5.02117950797193,5.04097049389233
"ST0492","AI/ML","USA",2007,17,4,212.01,22.1,413,1040.14,6.94807154564361,5.36133911296419,3.13983261752775
"ST0493","SaaS","UK",2020,4,5,275.16,5.15,262,795.72,6.68050329962338,5.62098040789506,1.81645208181843
"ST0494","EdTech","India",2007,17,7,712.55,156.45,798,1892.66,7.54626674337587,6.5702525115464,5.05910794754703
"ST0495","CleanTech","Germany",2018,6,3,192.84,15.99,429,357.99,5.88329453294711,5.26703307650827,2.83262493568384
"ST0497","SaaS","USA",2005,19,6,421.47,6.44,294,428.24,6.06201620305893,6.04611843835903,2.006870848845
"ST0499","HealthTech","India",2006,18,5,103.46,7.25,178,270.97,5.60569176609551,4.64880422300815,2.11021320034659
"ST0500","SaaS","India",2000,24,5,81.66,26.15,215,336.7,5.82215792739152,4.41473580908359,3.30137704637994
